<?xml version="1.0"?>
<fsimage><version><layoutVersion>-66</layoutVersion><onDiskVersion>1</onDiskVersion><oivRevision>a585a73c3e02ac62350c136643a5e7f6095a3dbb</oivRevision></version>
<NameSection><namespaceId>1775247415</namespaceId><genstampV1>1000</genstampV1><genstampV2>1002</genstampV2><genstampV1Limit>0</genstampV1Limit><lastAllocatedBlockId>1073741826</lastAllocatedBlockId><txid>70</txid></NameSection>
<ErasureCodingSection>
<erasureCodingPolicy>
<policyId>1</policyId><policyName>RS-6-3-1024k</policyName><cellSize>1048576</cellSize><policyState>DISABLED</policyState><ecSchema>
<codecName>rs</codecName><dataUnits>6</dataUnits><parityUnits>3</parityUnits></ecSchema>
</erasureCodingPolicy>

<erasureCodingPolicy>
<policyId>2</policyId><policyName>RS-3-2-1024k</policyName><cellSize>1048576</cellSize><policyState>DISABLED</policyState><ecSchema>
<codecName>rs</codecName><dataUnits>3</dataUnits><parityUnits>2</parityUnits></ecSchema>
</erasureCodingPolicy>

<erasureCodingPolicy>
<policyId>3</policyId><policyName>RS-LEGACY-6-3-1024k</policyName><cellSize>1048576</cellSize><policyState>DISABLED</policyState><ecSchema>
<codecName>rs-legacy</codecName><dataUnits>6</dataUnits><parityUnits>3</parityUnits></ecSchema>
</erasureCodingPolicy>

<erasureCodingPolicy>
<policyId>4</policyId><policyName>XOR-2-1-1024k</policyName><cellSize>1048576</cellSize><policyState>DISABLED</policyState><ecSchema>
<codecName>xor</codecName><dataUnits>2</dataUnits><parityUnits>1</parityUnits></ecSchema>
</erasureCodingPolicy>

<erasureCodingPolicy>
<policyId>5</policyId><policyName>RS-10-4-1024k</policyName><cellSize>1048576</cellSize><policyState>DISABLED</policyState><ecSchema>
<codecName>rs</codecName><dataUnits>10</dataUnits><parityUnits>4</parityUnits></ecSchema>
</erasureCodingPolicy>

</ErasureCodingSection>

<INodeSection><lastInodeId>16394</lastInodeId><numInodes>8</numInodes><inode><id>16385</id><type>DIRECTORY</type><name></name><mtime>1662418781138</mtime><permission>ec2-user:supergroup:0755</permission><nsquota>9223372036854775807</nsquota><dsquota>-1</dsquota></inode>
<inode><id>16386</id><type>DIRECTORY</type><name>user</name><mtime>1662513520825</mtime><permission>ec2-user:supergroup:0755</permission><nsquota>-1</nsquota><dsquota>-1</dsquota></inode>
<inode><id>16387</id><type>DIRECTORY</type><name>john</name><mtime>1662494756207</mtime><permission>ec2-user:supergroup:0755</permission><nsquota>-1</nsquota><dsquota>-1</dsquota></inode>
<inode><id>16388</id><type>DIRECTORY</type><name>a</name><mtime>1662494824053</mtime><permission>ec2-user:supergroup:0755</permission><nsquota>-1</nsquota><dsquota>-1</dsquota></inode>
<inode><id>16390</id><type>FILE</type><name>WordCount.java</name><replication>1</replication><mtime>1662494756189</mtime><atime>1662494755309</atime><preferredBlockSize>134217728</preferredBlockSize><permission>ec2-user:supergroup:0644</permission><blocks><block><id>1073741825</id><genstamp>1001</genstamp><numBytes>3269</numBytes></block>
</blocks>
<storagePolicyId>0</storagePolicyId></inode>
<inode><id>16391</id><type>DIRECTORY</type><name>mary</name><mtime>1662513576773</mtime><permission>ec2-user:supergroup:0755</permission><nsquota>-1</nsquota><dsquota>-1</dsquota></inode>
<inode><id>16392</id><type>DIRECTORY</type><name>a</name><mtime>1662513645788</mtime><permission>ec2-user:supergroup:0755</permission><nsquota>-1</nsquota><dsquota>-1</dsquota></inode>
<inode><id>16394</id><type>FILE</type><name>hello.txt</name><replication>1</replication><mtime>1662513645775</mtime><atime>1662513645447</atime><preferredBlockSize>134217728</preferredBlockSize><permission>ec2-user:supergroup:0644</permission><blocks><block><id>1073741826</id><genstamp>1002</genstamp><numBytes>12</numBytes></block>
</blocks>
<storagePolicyId>0</storagePolicyId></inode>
</INodeSection>
<INodeReferenceSection></INodeReferenceSection><SnapshotSection><snapshotCounter>0</snapshotCounter><numSnapshots>0</numSnapshots></SnapshotSection>
<INodeDirectorySection><directory><parent>16385</parent><child>16386</child></directory>
<directory><parent>16386</parent><child>16387</child><child>16391</child></directory>
<directory><parent>16387</parent><child>16390</child><child>16388</child></directory>
<directory><parent>16391</parent><child>16392</child></directory>
<directory><parent>16392</parent><child>16394</child></directory>
</INodeDirectorySection>
<FileUnderConstructionSection></FileUnderConstructionSection>
<SecretManagerSection><currentId>0</currentId><tokenSequenceNumber>0</tokenSequenceNumber><numDelegationKeys>0</numDelegationKeys><numTokens>0</numTokens></SecretManagerSection><CacheManagerSection><nextDirectiveId>1</nextDirectiveId><numDirectives>0</numDirectives><numPools>0</numPools></CacheManagerSection>
</fsimage>
